Method,Runtime (s),Memory (Est. MB)
SVD (Full Decomposition),5.963801622390747,83.93096923828125
PCA (Mean-Filling),0.6262385845184326,7.62939453125
PCA (MLE),6.8708319664001465,7.62939453125
