Item,User,Method,Prediction
0767805712,A101IGU6UDKW3X,SVD (Truncated),4.245137122564969
0767805712,A1041053SID37WN8GTT8,SVD (Truncated),4.269227328338722
0767805712,A10AQSHGUSJM5Q,SVD (Truncated),4.248980155377583
0767809254,A101IGU6UDKW3X,SVD (Truncated),4.580167479477798
0767809254,A114XQ5NYCAL59,SVD (Truncated),4.593641795498486
0767809254,A12F2RP2OV3O62,SVD (Truncated),4.615131596863125
