Item_ID,Target_User,User_ID,SVD_Prediction,KNN (K-Nearest Neighbors),Ground_Truth
0767805712,U1,A101IGU6UDKW3X,4.245137122564969,4.091,4.0
0767805712,U2,A1041053SID37WN8GTT8,4.269227328338722,4.238,5.0
0767805712,U3,A10AQSHGUSJM5Q,4.248980155377583,4.127,3.0
0767809254,U1,A101IGU6UDKW3X,4.580167479477798,4.541,4.0
0767809254,U2,A114XQ5NYCAL59,4.593641795498486,4.771,4.0
0767809254,U3,A12F2RP2OV3O62,4.615131596863125,4.76,5.0
