peer_item,covariance,cosine,n_common
6305480869,1.1040022373199463,0.5551349317069174,3
B00ZL4Q7NE,0.8620154857635498,0.4335058388767699,7
B00HW3EI3I,0.485929936170578,0.360606957166981,3
B00BTFK07I,0.35423561930656433,0.9999999884213266,3
B00FL31UF0,0.26121899485588074,0.3734090231960134,5
