item_id,mean
B00PCSVODW,1.4478527
B005GISDXW,1.4532374
