,PC1,PC2
6305480869,0.0,0.0
B000006B4Y,-8.400339e-05,0.010825162
B0090JBOC0,-0.028184254,0.090065114
B00BTFK07I,3.469447e-17,0.0
B00FL31UF0,-0.99960065,-0.004573905
B00HSJ2CVQ,0.0,0.0
B00HW3EI3I,0.0,0.0
B00NCDVVLY,0.0020411883,-0.99586654
B00TKIJGDA,0.0,0.0
B00ZL4Q7NE,0.0,0.0
