Model,HR@10,NDCG@10
Random,0.0,0.0
Popularity,0.0,0.0
Pure CB,0.02,0.0060205999132796235
Pure CF,0.04,0.025781296526357758
Hybrid,0.04,0.03
